Input Config,Input String,Glyph Name,Codepoint,Alternate
INPUT_GAMEPAD_TYPE_UNKNOWN,face south,__MaruMonicaGlyphGamepadFaceSouth,e010,
INPUT_GAMEPAD_TYPE_UNKNOWN,face east,__MaruMonicaGlyphGamepadFaceEast,e011,
INPUT_GAMEPAD_TYPE_UNKNOWN,face west,__MaruMonicaGlyphGamepadFaceWest,e012,
INPUT_GAMEPAD_TYPE_UNKNOWN,face north,__MaruMonicaGlyphGamepadFaceNorth,e013,
INPUT_GAMEPAD_TYPE_UNKNOWN,shoulder l,__MaruMonicaGlyphGamepadShoulderL,e034,
INPUT_GAMEPAD_TYPE_UNKNOWN,shoulder r,__MaruMonicaGlyphGamepadShoulderR,e035,
INPUT_GAMEPAD_TYPE_UNKNOWN,trigger l,__MaruMonicaGlyphGamepadTriggerL,e036,
INPUT_GAMEPAD_TYPE_UNKNOWN,trigger r,__MaruMonicaGlyphGamepadTriggerR,e037,
INPUT_GAMEPAD_TYPE_UNKNOWN,select,__MaruMonicaGlyphGamepadSelect,e02a,
INPUT_GAMEPAD_TYPE_UNKNOWN,start,__MaruMonicaGlyphGamepadStart,e02b,
INPUT_GAMEPAD_TYPE_UNKNOWN,home,__MaruMonicaGlyphGamepadHome,e04f,
INPUT_GAMEPAD_TYPE_UNKNOWN,dpad left,__MaruMonicaGlyphGamepadDpadLeft,e003,
INPUT_GAMEPAD_TYPE_UNKNOWN,dpad right,__MaruMonicaGlyphGamepadDpadRight,e004,
INPUT_GAMEPAD_TYPE_UNKNOWN,dpad up,__MaruMonicaGlyphGamepadDpadUp,e001,
INPUT_GAMEPAD_TYPE_UNKNOWN,dpad down,__MaruMonicaGlyphGamepadDpadDown,e002,
INPUT_GAMEPAD_TYPE_UNKNOWN,thumbstick l left,__MaruMonicaGlyphGamepadThumbstickLLeft,e014\u2190,e014\u21e6
INPUT_GAMEPAD_TYPE_UNKNOWN,thumbstick l right,__MaruMonicaGlyphGamepadThumbstickLRight,e014\u2192,e014\u21e8
INPUT_GAMEPAD_TYPE_UNKNOWN,thumbstick l up,__MaruMonicaGlyphGamepadThumbstickLUp,e014\u2191,e014\u21e7
INPUT_GAMEPAD_TYPE_UNKNOWN,thumbstick l down,__MaruMonicaGlyphGamepadThumbstickLDown,e014\u2193,e014\u21e9
INPUT_GAMEPAD_TYPE_UNKNOWN,thumbstick l click,__MaruMonicaGlyphGamepadThumbstickLClick,e028,
INPUT_GAMEPAD_TYPE_UNKNOWN,thumbstick r left,__MaruMonicaGlyphGamepadThumbstickRLeft,e015\u2190,e015\u21e6
INPUT_GAMEPAD_TYPE_UNKNOWN,thumbstick r right,__MaruMonicaGlyphGamepadThumbstickRRight,e015\u2192,e015\u21e8
INPUT_GAMEPAD_TYPE_UNKNOWN,thumbstick r up,__MaruMonicaGlyphGamepadThumbstickRUp,e015\u2191,e015\u21e7
INPUT_GAMEPAD_TYPE_UNKNOWN,thumbstick r down,__MaruMonicaGlyphGamepadThumbstickRDown,e015\u2193,e015\u21e9
INPUT_GAMEPAD_TYPE_UNKNOWN,thumbstick r click,__MaruMonicaGlyphGamepadThumbstickRClick,e029,
INPUT_GAMEPAD_TYPE_UNKNOWN,touchpad,__MaruMonicaGlyphGamepadTouchpad,e03d,
INPUT_GAMEPAD_TYPE_XBOX,A,__MaruMonicaGlyphGamepadA,e020,
INPUT_GAMEPAD_TYPE_XBOX,B,__MaruMonicaGlyphGamepadB,e021,
INPUT_GAMEPAD_TYPE_XBOX,X,__MaruMonicaGlyphGamepadX,e022,
INPUT_GAMEPAD_TYPE_XBOX,Y,__MaruMonicaGlyphGamepadY,e023,
INPUT_GAMEPAD_TYPE_XBOX,LB,__MaruMonicaGlyphGamepadLB,e024,
INPUT_GAMEPAD_TYPE_XBOX,RB,__MaruMonicaGlyphGamepadRB,e025,
INPUT_GAMEPAD_TYPE_XBOX,LT,__MaruMonicaGlyphGamepadLT,e026,
INPUT_GAMEPAD_TYPE_XBOX,RT,__MaruMonicaGlyphGamepadRT,e027,
INPUT_GAMEPAD_TYPE_XBOX,view,__MaruMonicaGlyphGamepadView,e02c,
INPUT_GAMEPAD_TYPE_XBOX,menu,__MaruMonicaGlyphGamepadMenu,e02d,
INPUT_GAMEPAD_TYPE_XBOX,dpad left,__MaruMonicaGlyphGamepadDpadLeft,e003,
INPUT_GAMEPAD_TYPE_XBOX,dpad right,__MaruMonicaGlyphGamepadDpadRight,e004,
INPUT_GAMEPAD_TYPE_XBOX,dpad up,__MaruMonicaGlyphGamepadDpadUp,e001,
INPUT_GAMEPAD_TYPE_XBOX,dpad down,__MaruMonicaGlyphGamepadDpadDown,e002,
INPUT_GAMEPAD_TYPE_XBOX,thumbstick l left,__MaruMonicaGlyphGamepadThumbstickLLeft,e014\u2190,e014\u21e6
INPUT_GAMEPAD_TYPE_XBOX,thumbstick l right,__MaruMonicaGlyphGamepadThumbstickLRight,e014\u2192,e014\u21e8
INPUT_GAMEPAD_TYPE_XBOX,thumbstick l up,__MaruMonicaGlyphGamepadThumbstickLUp,e014\u2191,e014\u21e7
INPUT_GAMEPAD_TYPE_XBOX,thumbstick l down,__MaruMonicaGlyphGamepadThumbstickLDown,e014\u2193,e014\u21e9
INPUT_GAMEPAD_TYPE_XBOX,thumbstick l click,__MaruMonicaGlyphGamepadThumbstickLClick,e028,
INPUT_GAMEPAD_TYPE_XBOX,thumbstick r left,__MaruMonicaGlyphGamepadThumbstickRLeft,e015\u2190,e015\u21e6
INPUT_GAMEPAD_TYPE_XBOX,thumbstick r right,__MaruMonicaGlyphGamepadThumbstickRRight,e015\u2192,e015\u21e8
INPUT_GAMEPAD_TYPE_XBOX,thumbstick r up,__MaruMonicaGlyphGamepadThumbstickRUp,e015\u2191,e015\u21e7
INPUT_GAMEPAD_TYPE_XBOX,thumbstick r down,__MaruMonicaGlyphGamepadThumbstickRDown,e015\u2193,e015\u21e9
INPUT_GAMEPAD_TYPE_XBOX,thumbstick r click,__MaruMonicaGlyphGamepadThumbstickRClick,e029,
INPUT_GAMEPAD_TYPE_XBOX,share,__MaruMonicaGlyphGamepadShare,e02e,
INPUT_GAMEPAD_TYPE_SWITCH,B,__MaruMonicaGlyphGamepadB,e021,
INPUT_GAMEPAD_TYPE_SWITCH,A,__MaruMonicaGlyphGamepadA,e020,
INPUT_GAMEPAD_TYPE_SWITCH,Y,__MaruMonicaGlyphGamepadY,e023,
INPUT_GAMEPAD_TYPE_SWITCH,X,__MaruMonicaGlyphGamepadX,e022,
INPUT_GAMEPAD_TYPE_SWITCH,L,__MaruMonicaGlyphGamepadL,e044,
INPUT_GAMEPAD_TYPE_SWITCH,R,__MaruMonicaGlyphGamepadR,e045,
INPUT_GAMEPAD_TYPE_SWITCH,ZL,__MaruMonicaGlyphGamepadZL,e046,
INPUT_GAMEPAD_TYPE_SWITCH,ZR,__MaruMonicaGlyphGamepadZR,e047,
INPUT_GAMEPAD_TYPE_SWITCH,minus,__MaruMonicaGlyphGamepadMinus,e04a,
INPUT_GAMEPAD_TYPE_SWITCH,plus,__MaruMonicaGlyphGamepadPlus,e04b,
INPUT_GAMEPAD_TYPE_SWITCH,dpad left,__MaruMonicaGlyphGamepadDpadLeftSwitch,e040,
INPUT_GAMEPAD_TYPE_SWITCH,dpad right,__MaruMonicaGlyphGamepadDpadRightSwitch,e043,
INPUT_GAMEPAD_TYPE_SWITCH,dpad up,__MaruMonicaGlyphGamepadDpadUpSwitch,e040,
INPUT_GAMEPAD_TYPE_SWITCH,dpad down,__MaruMonicaGlyphGamepadDpadDownSwitch,e041,
INPUT_GAMEPAD_TYPE_SWITCH,thumbstick l left,__MaruMonicaGlyphGamepadThumbstickLLeft,e014\u2190,e014\u21e6
INPUT_GAMEPAD_TYPE_SWITCH,thumbstick l right,__MaruMonicaGlyphGamepadThumbstickLRight,e014\u2192,e014\u21e8
INPUT_GAMEPAD_TYPE_SWITCH,thumbstick l up,__MaruMonicaGlyphGamepadThumbstickLUp,e014\u2191,e014\u21e7
INPUT_GAMEPAD_TYPE_SWITCH,thumbstick l down,__MaruMonicaGlyphGamepadThumbstickLDown,e014\u2193,e014\u21e9
INPUT_GAMEPAD_TYPE_SWITCH,thumbstick l click,__MaruMonicaGlyphGamepadThumbstickLClick,e028,
INPUT_GAMEPAD_TYPE_SWITCH,thumbstick r left,__MaruMonicaGlyphGamepadThumbstickRLeft,e015\u2190,e015\u21e6
INPUT_GAMEPAD_TYPE_SWITCH,thumbstick r right,__MaruMonicaGlyphGamepadThumbstickRRight,e015\u2192,e015\u21e8
INPUT_GAMEPAD_TYPE_SWITCH,thumbstick r up,__MaruMonicaGlyphGamepadThumbstickRUp,e015\u2191,e015\u21e7
INPUT_GAMEPAD_TYPE_SWITCH,thumbstick r down,__MaruMonicaGlyphGamepadThumbstickRDown,e015\u2193,e015\u21e9
INPUT_GAMEPAD_TYPE_SWITCH,thumbstick r click,__MaruMonicaGlyphGamepadThumbstickRClick,e029,
INPUT_GAMEPAD_TYPE_SWITCH,home,__MaruMonicaGlyphGamepadHome,e04f,
INPUT_GAMEPAD_TYPE_SWITCH,capture,__MaruMonicaGlyphGamepadCapture,e04e,
INPUT_GAMEPAD_TYPE_JOYCON_LEFT,face south,__MaruMonicaGlyphGamepadFaceSouth,e010,
INPUT_GAMEPAD_TYPE_JOYCON_LEFT,face east,__MaruMonicaGlyphGamepadFaceEast,e011,
INPUT_GAMEPAD_TYPE_JOYCON_LEFT,face west,__MaruMonicaGlyphGamepadFaceWest,e012,
INPUT_GAMEPAD_TYPE_JOYCON_LEFT,face north,__MaruMonicaGlyphGamepadFaceNorth,e013,
INPUT_GAMEPAD_TYPE_JOYCON_LEFT,SL,__MaruMonicaGlyphGamepadSL,e048,
INPUT_GAMEPAD_TYPE_JOYCON_LEFT,SR,__MaruMonicaGlyphGamepadSR,e049,
INPUT_GAMEPAD_TYPE_JOYCON_LEFT,minus,__MaruMonicaGlyphGamepadMinus,e04c,
INPUT_GAMEPAD_TYPE_JOYCON_LEFT,thumbstick left,__MaruMonicaGlyphGamepadThumbstickLeft,e016\u2190,
INPUT_GAMEPAD_TYPE_JOYCON_LEFT,thumbstick right,__MaruMonicaGlyphGamepadThumbstickRight,e016\u2192,
INPUT_GAMEPAD_TYPE_JOYCON_LEFT,thumbstick up,__MaruMonicaGlyphGamepadThumbstickUp,e016\u2191,
INPUT_GAMEPAD_TYPE_JOYCON_LEFT,thumbstick down,__MaruMonicaGlyphGamepadThumbstickDown,e016\u2193,
INPUT_GAMEPAD_TYPE_JOYCON_LEFT,thumbstick click,__MaruMonicaGlyphGamepadThumbstickClick,e017,
INPUT_GAMEPAD_TYPE_JOYCON_LEFT,capture,__MaruMonicaGlyphGamepadCapture,e04e,
INPUT_GAMEPAD_TYPE_JOYCON_RIGHT,face south,__MaruMonicaGlyphGamepadFaceSouth,e010,
INPUT_GAMEPAD_TYPE_JOYCON_RIGHT,face east,__MaruMonicaGlyphGamepadFaceEast,e011,
INPUT_GAMEPAD_TYPE_JOYCON_RIGHT,face west,__MaruMonicaGlyphGamepadFaceWest,e012,
INPUT_GAMEPAD_TYPE_JOYCON_RIGHT,face north,__MaruMonicaGlyphGamepadFaceNorth,e013,
INPUT_GAMEPAD_TYPE_JOYCON_RIGHT,SL,__MaruMonicaGlyphGamepadSL,e048,
INPUT_GAMEPAD_TYPE_JOYCON_RIGHT,SR,__MaruMonicaGlyphGamepadSR,e049,
INPUT_GAMEPAD_TYPE_JOYCON_RIGHT,plus,__MaruMonicaGlyphGamepadPlus,e04d,
INPUT_GAMEPAD_TYPE_JOYCON_RIGHT,thumbstick left,__MaruMonicaGlyphGamepadThumbstickLeft,e016\u2190,
INPUT_GAMEPAD_TYPE_JOYCON_RIGHT,thumbstick right,__MaruMonicaGlyphGamepadThumbstickRight,e016\u2192,
INPUT_GAMEPAD_TYPE_JOYCON_RIGHT,thumbstick up,__MaruMonicaGlyphGamepadThumbstickUp,e016\u2191,
INPUT_GAMEPAD_TYPE_JOYCON_RIGHT,thumbstick down,__MaruMonicaGlyphGamepadThumbstickDown,e016\u2193,
INPUT_GAMEPAD_TYPE_JOYCON_RIGHT,thumbstick click,__MaruMonicaGlyphGamepadThumbstickClick,e017,
INPUT_GAMEPAD_TYPE_JOYCON_RIGHT,home,__MaruMonicaGlyphGamepadHome,e04f,
INPUT_GAMEPAD_TYPE_PS4,cross,__MaruMonicaGlyphGamepadCross,e030,
INPUT_GAMEPAD_TYPE_PS4,circle,__MaruMonicaGlyphGamepadCircle,e031,
INPUT_GAMEPAD_TYPE_PS4,square,__MaruMonicaGlyphGamepadSquare,e032,
INPUT_GAMEPAD_TYPE_PS4,triangle,__MaruMonicaGlyphGamepadTriangle,e033,
INPUT_GAMEPAD_TYPE_PS4,L1,__MaruMonicaGlyphGamepadL1,e034,
INPUT_GAMEPAD_TYPE_PS4,R1,__MaruMonicaGlyphGamepadR1,e035,
INPUT_GAMEPAD_TYPE_PS4,L2,__MaruMonicaGlyphGamepadL2,e036,
INPUT_GAMEPAD_TYPE_PS4,R2,__MaruMonicaGlyphGamepadR2,e037,
INPUT_GAMEPAD_TYPE_PS4,dpad left,__MaruMonicaGlyphGamepadDpadLeftPS,e00a,
INPUT_GAMEPAD_TYPE_PS4,dpad right,__MaruMonicaGlyphGamepadDpadRightPS,e00b,
INPUT_GAMEPAD_TYPE_PS4,dpad up,__MaruMonicaGlyphGamepadDpadUpPS,e008,
INPUT_GAMEPAD_TYPE_PS4,dpad down,__MaruMonicaGlyphGamepadDpadDownPS,e009,
INPUT_GAMEPAD_TYPE_PS4,thumbstick l left,__MaruMonicaGlyphGamepadThumbstickLLeft,e014\u2190,e014\u21e6
INPUT_GAMEPAD_TYPE_PS4,thumbstick l right,__MaruMonicaGlyphGamepadThumbstickLRight,e014\u2192,e014\u21e8
INPUT_GAMEPAD_TYPE_PS4,thumbstick l up,__MaruMonicaGlyphGamepadThumbstickLUp,e014\u2191,e014\u21e7
INPUT_GAMEPAD_TYPE_PS4,thumbstick l down,__MaruMonicaGlyphGamepadThumbstickLDown,e014\u2193,e014\u21e9
INPUT_GAMEPAD_TYPE_PS4,L3,__MaruMonicaGlyphGamepadL3,e038,
INPUT_GAMEPAD_TYPE_PS4,thumbstick r left,__MaruMonicaGlyphGamepadThumbstickRLeft,e015\u2190,e015\u21e6
INPUT_GAMEPAD_TYPE_PS4,thumbstick r right,__MaruMonicaGlyphGamepadThumbstickRRight,e015\u2192,e015\u21e8
INPUT_GAMEPAD_TYPE_PS4,thumbstick r up,__MaruMonicaGlyphGamepadThumbstickRUp,e015\u2191,e015\u21e7
INPUT_GAMEPAD_TYPE_PS4,thumbstick r down,__MaruMonicaGlyphGamepadThumbstickRDown,e015\u2193,e015\u21e9
INPUT_GAMEPAD_TYPE_PS4,R3,__MaruMonicaGlyphGamepadR3,e039,
INPUT_GAMEPAD_TYPE_PS4,touchpad,__MaruMonicaGlyphGamepadTouchpadPS4,e03d,
INPUT_GAMEPAD_TYPE_PS5,touchpad,__MaruMonicaGlyphGamepadTouchpad,e03d,
INPUT_GAMEPAD_TYPE_PS5,cross,__MaruMonicaGlyphGamepadCross,e030,
INPUT_GAMEPAD_TYPE_PS5,circle,__MaruMonicaGlyphGamepadCircle,e031,
INPUT_GAMEPAD_TYPE_PS5,square,__MaruMonicaGlyphGamepadSquare,e032,
INPUT_GAMEPAD_TYPE_PS5,triangle,__MaruMonicaGlyphGamepadTriangle,e033,
INPUT_GAMEPAD_TYPE_PS5,L1,__MaruMonicaGlyphGamepadL1,e034,
INPUT_GAMEPAD_TYPE_PS5,R1,__MaruMonicaGlyphGamepadR1,e035,
INPUT_GAMEPAD_TYPE_PS5,L2,__MaruMonicaGlyphGamepadL2,e036,
INPUT_GAMEPAD_TYPE_PS5,R2,__MaruMonicaGlyphGamepadR2,e037,
INPUT_GAMEPAD_TYPE_PS5,dpad left,__MaruMonicaGlyphGamepadDpadLeftPS,e00a,
INPUT_GAMEPAD_TYPE_PS5,dpad right,__MaruMonicaGlyphGamepadDpadRightPS,e00b,
INPUT_GAMEPAD_TYPE_PS5,dpad up,__MaruMonicaGlyphGamepadDpadUpPS,e008,
INPUT_GAMEPAD_TYPE_PS5,dpad down,__MaruMonicaGlyphGamepadDpadDownPS,e009,
INPUT_GAMEPAD_TYPE_PS5,thumbstick l left,__MaruMonicaGlyphGamepadThumbstickLLeft,e014\u2190,e014\u21e6
INPUT_GAMEPAD_TYPE_PS5,thumbstick l right,__MaruMonicaGlyphGamepadThumbstickLRight,e014\u2192,e014\u21e8
INPUT_GAMEPAD_TYPE_PS5,thumbstick l up,__MaruMonicaGlyphGamepadThumbstickLUp,e014\u2191,e014\u21e7
INPUT_GAMEPAD_TYPE_PS5,thumbstick l down,__MaruMonicaGlyphGamepadThumbstickLDown,e014\u2193,e014\u21e9
INPUT_GAMEPAD_TYPE_PS5,L3,__MaruMonicaGlyphGamepadL3,e038,
INPUT_GAMEPAD_TYPE_PS5,thumbstick r left,__MaruMonicaGlyphGamepadThumbstickRLeft,e015\u2190,e015\u21e6
INPUT_GAMEPAD_TYPE_PS5,thumbstick r right,__MaruMonicaGlyphGamepadThumbstickRRight,e015\u2192,e015\u21e8
INPUT_GAMEPAD_TYPE_PS5,thumbstick r up,__MaruMonicaGlyphGamepadThumbstickRUp,e015\u2191,e015\u21e7
INPUT_GAMEPAD_TYPE_PS5,thumbstick r down,__MaruMonicaGlyphGamepadThumbstickRDown,e015\u2193,e015\u21e9
INPUT_GAMEPAD_TYPE_PS5,R3,__MaruMonicaGlyphGamepadR3,e039,