Input Config,Input String,Glyph Name,Codepoint,Alternate
INPUT_GAMEPAD_TYPE_UNKNOWN,face south,__PromptFontGlyphGamepadFaceSouth,21A7,
INPUT_GAMEPAD_TYPE_UNKNOWN,face east,__PromptFontGlyphGamepadFaceEast,21A6,
INPUT_GAMEPAD_TYPE_UNKNOWN,face west,__PromptFontGlyphGamepadFaceWest,21A4,
INPUT_GAMEPAD_TYPE_UNKNOWN,face north,__PromptFontGlyphGamepadFaceNorth,21A5,
INPUT_GAMEPAD_TYPE_UNKNOWN,shoulder l,__PromptFontGlyphGamepadShoulderL,21B0,
INPUT_GAMEPAD_TYPE_UNKNOWN,shoulder r,__PromptFontGlyphGamepadShoulderR,21B1,
INPUT_GAMEPAD_TYPE_UNKNOWN,trigger l,__PromptFontGlyphGamepadTriggerL,21B2,
INPUT_GAMEPAD_TYPE_UNKNOWN,trigger r,__PromptFontGlyphGamepadTriggerR,21B3,
INPUT_GAMEPAD_TYPE_UNKNOWN,select,__PromptFontGlyphGamepadSelect,21F7,
INPUT_GAMEPAD_TYPE_UNKNOWN,start,__PromptFontGlyphGamepadStart,21F8,
INPUT_GAMEPAD_TYPE_UNKNOWN,home,__PromptFontGlyphGamepadHome,21F9,
INPUT_GAMEPAD_TYPE_UNKNOWN,dpad left,__PromptFontGlyphGamepadDpadLeft,227A,
INPUT_GAMEPAD_TYPE_UNKNOWN,dpad right,__PromptFontGlyphGamepadDpadRight,227C,
INPUT_GAMEPAD_TYPE_UNKNOWN,dpad up,__PromptFontGlyphGamepadDpadUp,227B,
INPUT_GAMEPAD_TYPE_UNKNOWN,dpad down,__PromptFontGlyphGamepadDpadDown,227D,
INPUT_GAMEPAD_TYPE_UNKNOWN,thumbstick l left,__PromptFontGlyphGamepadThumbstickLLeft,21BC,
INPUT_GAMEPAD_TYPE_UNKNOWN,thumbstick l right,__PromptFontGlyphGamepadThumbstickLRight,21C0,
INPUT_GAMEPAD_TYPE_UNKNOWN,thumbstick l up,__PromptFontGlyphGamepadThumbstickLUp,21BE,
INPUT_GAMEPAD_TYPE_UNKNOWN,thumbstick l down,__PromptFontGlyphGamepadThumbstickLDown,21C2,
INPUT_GAMEPAD_TYPE_UNKNOWN,thumbstick l click,__PromptFontGlyphGamepadThumbstickLClick,21CB,21BA
INPUT_GAMEPAD_TYPE_UNKNOWN,thumbstick r left,__PromptFontGlyphGamepadThumbstickRLeft,21BD,
INPUT_GAMEPAD_TYPE_UNKNOWN,thumbstick r right,__PromptFontGlyphGamepadThumbstickRRight,21C1,
INPUT_GAMEPAD_TYPE_UNKNOWN,thumbstick r up,__PromptFontGlyphGamepadThumbstickRUp,21BF,
INPUT_GAMEPAD_TYPE_UNKNOWN,thumbstick r down,__PromptFontGlyphGamepadThumbstickRDown,21C3,
INPUT_GAMEPAD_TYPE_UNKNOWN,thumbstick r click,__PromptFontGlyphGamepadThumbstickRClick,21CC,21BB
INPUT_GAMEPAD_TYPE_UNKNOWN,paddle r,__PromptFontGlyphGamepadPaddleR,2277,
INPUT_GAMEPAD_TYPE_UNKNOWN,paddle l,__PromptFontGlyphGamepadPaddleL,2276,
INPUT_GAMEPAD_TYPE_UNKNOWN,paddle rb,__PromptFontGlyphGamepadPaddleRB,2279,
INPUT_GAMEPAD_TYPE_UNKNOWN,paddle lb,__PromptFontGlyphGamepadPaddleLB,2278,
INPUT_GAMEPAD_TYPE_UNKNOWN,touchpad,__PromptFontGlyphGamepadTouchpad,21E7,
INPUT_GAMEPAD_TYPE_XBOX,A,__PromptFontGlyphGamepadA,21D3,
INPUT_GAMEPAD_TYPE_XBOX,B,__PromptFontGlyphGamepadB,21D2,
INPUT_GAMEPAD_TYPE_XBOX,X,__PromptFontGlyphGamepadX,21D0,
INPUT_GAMEPAD_TYPE_XBOX,Y,__PromptFontGlyphGamepadY,21D1,
INPUT_GAMEPAD_TYPE_XBOX,LB,__PromptFontGlyphGamepadLB,2198,
INPUT_GAMEPAD_TYPE_XBOX,RB,__PromptFontGlyphGamepadRB,2199,
INPUT_GAMEPAD_TYPE_XBOX,LT,__PromptFontGlyphGamepadLT,2196,
INPUT_GAMEPAD_TYPE_XBOX,RT,__PromptFontGlyphGamepadRT,2197,
INPUT_GAMEPAD_TYPE_XBOX,view,__PromptFontGlyphGamepadView,21FA,
INPUT_GAMEPAD_TYPE_XBOX,menu,__PromptFontGlyphGamepadMenu,21FB,
INPUT_GAMEPAD_TYPE_XBOX,dpad left,__PromptFontGlyphGamepadDpadLeft,227A,
INPUT_GAMEPAD_TYPE_XBOX,dpad right,__PromptFontGlyphGamepadDpadRight,227C,
INPUT_GAMEPAD_TYPE_XBOX,dpad up,__PromptFontGlyphGamepadDpadUp,227B,
INPUT_GAMEPAD_TYPE_XBOX,dpad down,__PromptFontGlyphGamepadDpadDown,227D,
INPUT_GAMEPAD_TYPE_XBOX,thumbstick l left,__PromptFontGlyphGamepadThumbstickLLeft,21BC,
INPUT_GAMEPAD_TYPE_XBOX,thumbstick l right,__PromptFontGlyphGamepadThumbstickLRight,21C0,
INPUT_GAMEPAD_TYPE_XBOX,thumbstick l up,__PromptFontGlyphGamepadThumbstickLUp,21BE,
INPUT_GAMEPAD_TYPE_XBOX,thumbstick l down,__PromptFontGlyphGamepadThumbstickLDown,21C2,
INPUT_GAMEPAD_TYPE_XBOX,thumbstick l click,__PromptFontGlyphGamepadThumbstickLClick,21CB,21BA
INPUT_GAMEPAD_TYPE_XBOX,thumbstick r left,__PromptFontGlyphGamepadThumbstickRLeft,21BD,
INPUT_GAMEPAD_TYPE_XBOX,thumbstick r right,__PromptFontGlyphGamepadThumbstickRRight,21C1,
INPUT_GAMEPAD_TYPE_XBOX,thumbstick r up,__PromptFontGlyphGamepadThumbstickRUp,21BF,
INPUT_GAMEPAD_TYPE_XBOX,thumbstick r down,__PromptFontGlyphGamepadThumbstickRDown,21C3,
INPUT_GAMEPAD_TYPE_XBOX,thumbstick r click,__PromptFontGlyphGamepadThumbstickRClick,21CC,21BB
InputIconDefineKeyboard,mouse left,__PromptFontGlyphMouseLeft,278A,
InputIconDefineKeyboard,mouse middle,__PromptFontGlyphMouseMiddle,27F7,
InputIconDefineKeyboard,mouse right,__PromptFontGlyphMouseRight,278B,
InputIconDefineKeyboard,mouse 4,__PromptFontGlyphMouse4,278D,
InputIconDefineKeyboard,mouse 5,__PromptFontGlyphMouse5,278E,
InputIconDefineKeyboard,mouse wheel down,__PromptFontGlyphMouseWheelDown,27F1,
InputIconDefineKeyboard,mouse wheel up,__PromptFontGlyphMouseWheelUp,27F0,
InputIconDefineKeyboard,A,__PromptFontGlyphKeyboardA,FF21,
InputIconDefineKeyboard,B,__PromptFontGlyphKeyboardB,FF22,
InputIconDefineKeyboard,C,__PromptFontGlyphKeyboardC,FF23,
InputIconDefineKeyboard,D,__PromptFontGlyphKeyboardD,FF24,
InputIconDefineKeyboard,E,__PromptFontGlyphKeyboardE,FF25,
InputIconDefineKeyboard,F,__PromptFontGlyphKeyboardF,FF26,
InputIconDefineKeyboard,G,__PromptFontGlyphKeyboardG,FF27,
InputIconDefineKeyboard,H,__PromptFontGlyphKeyboardH,FF28,
InputIconDefineKeyboard,I,__PromptFontGlyphKeyboardI,FF29,
InputIconDefineKeyboard,J,__PromptFontGlyphKeyboardJ,FF2A,
InputIconDefineKeyboard,K,__PromptFontGlyphKeyboardK,FF2B,
InputIconDefineKeyboard,L,__PromptFontGlyphKeyboardL,FF2C,
InputIconDefineKeyboard,M,__PromptFontGlyphKeyboardM,FF2D,
InputIconDefineKeyboard,N,__PromptFontGlyphKeyboardN,FF2E,
InputIconDefineKeyboard,O,__PromptFontGlyphKeyboardO,FF2F,
InputIconDefineKeyboard,P,__PromptFontGlyphKeyboardP,FF30,
InputIconDefineKeyboard,Q,__PromptFontGlyphKeyboardQ,FF31,
InputIconDefineKeyboard,R,__PromptFontGlyphKeyboardR,FF32,
InputIconDefineKeyboard,S,__PromptFontGlyphKeyboardS,FF33,
InputIconDefineKeyboard,T,__PromptFontGlyphKeyboardT,FF34,
InputIconDefineKeyboard,U,__PromptFontGlyphKeyboardU,FF35,
InputIconDefineKeyboard,V,__PromptFontGlyphKeyboardV,FF36,
InputIconDefineKeyboard,W,__PromptFontGlyphKeyboardW,FF37,
InputIconDefineKeyboard,X,__PromptFontGlyphKeyboardX,FF38,
InputIconDefineKeyboard,Y,__PromptFontGlyphKeyboardY,FF39,
InputIconDefineKeyboard,Z,__PromptFontGlyphKeyboardZ,FF3A,
InputIconDefineKeyboard,0,__PromptFontGlyphKeyboard0,FF10,
InputIconDefineKeyboard,1,__PromptFontGlyphKeyboard1,FF11,
InputIconDefineKeyboard,2,__PromptFontGlyphKeyboard2,FF12,
InputIconDefineKeyboard,3,__PromptFontGlyphKeyboard3,FF13,
InputIconDefineKeyboard,4,__PromptFontGlyphKeyboard4,FF14,
InputIconDefineKeyboard,5,__PromptFontGlyphKeyboard5,FF15,
InputIconDefineKeyboard,6,__PromptFontGlyphKeyboard6,FF16,
InputIconDefineKeyboard,7,__PromptFontGlyphKeyboard7,FF17,
InputIconDefineKeyboard,8,__PromptFontGlyphKeyboard8,FF18,
InputIconDefineKeyboard,9,__PromptFontGlyphKeyboard9,FF19,
InputIconDefineKeyboard,-,__PromptFontGlyphKeyboardMinus,FF0D,
InputIconDefineKeyboard,=,__PromptFontGlyphKeyboardEquals,FF1D,
InputIconDefineKeyboard,;,__PromptFontGlyphKeyboardSemicolon,FF1B,
InputIconDefineKeyboard,',__PromptFontGlyphKeyboardApostrophe,FF07,
InputIconDefineKeyboard,",",__PromptFontGlyphKeyboardComma,FF0C,
InputIconDefineKeyboard,.,__PromptFontGlyphKeyboardPeriod,FF0E,
InputIconDefineKeyboard,],__PromptFontGlyphKeyboardSquareBracketClose,FF3D,
InputIconDefineKeyboard,[,__PromptFontGlyphKeyboardSquareBracketOpen,FF3B,
InputIconDefineKeyboard,/,__PromptFontGlyphKeyboardSlashForward,FF0F,
InputIconDefineKeyboard,\,__PromptFontGlyphKeyboardSlashBack,FF3C,
InputIconDefineKeyboard,scroll lock,__PromptFontGlyphKeyboardScrollLock,2431,
InputIconDefineKeyboard,caps lock,__PromptFontGlyphKeyboardCapsLock,242C,
InputIconDefineKeyboard,num lock,__PromptFontGlyphKeyboardNumLock,2433,
InputIconDefineKeyboard,left meta,__PromptFontGlyphKeyboardLeftMeta,242A,2452
InputIconDefineKeyboard,right meta,__PromptFontGlyphKeyboardRightMeta,242A,2452
InputIconDefineKeyboard,print screen,__PromptFontGlyphKeyboardPrintScreen,2430,
InputIconDefineKeyboard,pause break,__PromptFontGlyphKeyboardPauseBreak,2432,
InputIconDefineKeyboard,escape,__PromptFontGlyphKeyboardEscape,242F,
InputIconDefineKeyboard,backspace,__PromptFontGlyphKeyboardBackspace,242D,
InputIconDefineKeyboard,space,__PromptFontGlyphKeyboardSpace,243A,
InputIconDefineKeyboard,enter,__PromptFontGlyphKeyboardEnter,242E,
InputIconDefineKeyboard,arrow up,__PromptFontGlyphKeyboardArrowUp,23F6,
InputIconDefineKeyboard,arrow down,__PromptFontGlyphKeyboardArrowDown,23F7,
InputIconDefineKeyboard,arrow left,__PromptFontGlyphKeyboardArrowLeft,23F4,
InputIconDefineKeyboard,arrow right,__PromptFontGlyphKeyboardArrowRight,23F5,
InputIconDefineKeyboard,tab,__PromptFontGlyphKeyboardTab,242B,
InputIconDefineKeyboard,right alt,__PromptFontGlyphKeyboardRightAlt,244B,
InputIconDefineKeyboard,left alt,__PromptFontGlyphKeyboardLeftAlt,244C,
InputIconDefineKeyboard,alt,__PromptFontGlyphKeyboardAlt,2428,
InputIconDefineKeyboard,right shift,__PromptFontGlyphKeyboardRightShift,2450,
InputIconDefineKeyboard,left shift,__PromptFontGlyphKeyboardLeftShift,244F,
InputIconDefineKeyboard,shift,__PromptFontGlyphKeyboardShift,244F,
InputIconDefineKeyboard,right ctrl,__PromptFontGlyphKeyboardRightCtrl,244E,
InputIconDefineKeyboard,left ctrl,__PromptFontGlyphKeyboardLeftCtrl,244D,
InputIconDefineKeyboard,ctrl,__PromptFontGlyphKeyboardCtrl,2427,
InputIconDefineKeyboard,f1,__PromptFontGlyphKeyboardF1,2460,
InputIconDefineKeyboard,f2,__PromptFontGlyphKeyboardF2,2461,
InputIconDefineKeyboard,f3,__PromptFontGlyphKeyboardF3,2462,
InputIconDefineKeyboard,f4,__PromptFontGlyphKeyboardF4,2463,
InputIconDefineKeyboard,f5,__PromptFontGlyphKeyboardF5,2464,
InputIconDefineKeyboard,f6,__PromptFontGlyphKeyboardF6,2465,
InputIconDefineKeyboard,f7,__PromptFontGlyphKeyboardF7,2466,
InputIconDefineKeyboard,f8,__PromptFontGlyphKeyboardF8,2467,
InputIconDefineKeyboard,f9,__PromptFontGlyphKeyboardF9,2468,
InputIconDefineKeyboard,f10,__PromptFontGlyphKeyboardF10,2469,
InputIconDefineKeyboard,f11,__PromptFontGlyphKeyboardF11,246A,
InputIconDefineKeyboard,f12,__PromptFontGlyphKeyboardF12,246B,
InputIconDefineKeyboard,numpad /,__PromptFontGlyphKeyboardNumpadSlashForward,FF0F,2482
InputIconDefineKeyboard,numpad *,__PromptFontGlyphKeyboardNumpadAsterisk,FF0A,2483
InputIconDefineKeyboard,numpad -,__PromptFontGlyphKeyboardNumpadMinus,FF0D,2480
InputIconDefineKeyboard,numpad +,__PromptFontGlyphKeyboardNumpadPlus,FF0B,2481
InputIconDefineKeyboard,numpad .,__PromptFontGlyphKeyboardNumpadPeriod,FF0E,247E
InputIconDefineKeyboard,numpad 0,__PromptFontGlyphKeyboardNumpad0,FF10,247D
InputIconDefineKeyboard,numpad 1,__PromptFontGlyphKeyboardNumpad1,FF11,2474
InputIconDefineKeyboard,numpad 2,__PromptFontGlyphKeyboardNumpad2,FF12,2475
InputIconDefineKeyboard,numpad 3,__PromptFontGlyphKeyboardNumpad3,FF13,2476
InputIconDefineKeyboard,numpad 4,__PromptFontGlyphKeyboardNumpad4,FF14,2477
InputIconDefineKeyboard,numpad 5,__PromptFontGlyphKeyboardNumpad5,FF15,2478
InputIconDefineKeyboard,numpad 6,__PromptFontGlyphKeyboardNumpad6,FF16,2479
InputIconDefineKeyboard,numpad 7,__PromptFontGlyphKeyboardNumpad7,FF17,247A
InputIconDefineKeyboard,numpad 8,__PromptFontGlyphKeyboardNumpad8,FF18,247B
InputIconDefineKeyboard,numpad 9,__PromptFontGlyphKeyboardNumpad9,FF19,247C
InputIconDefineKeyboard,delete,__PromptFontGlyphKeyboardDelete,2437,
InputIconDefineKeyboard,insert,__PromptFontGlyphKeyboardInsert,2434,
InputIconDefineKeyboard,home,__PromptFontGlyphKeyboardHome,2435,
InputIconDefineKeyboard,page up,__PromptFontGlyphKeyboardPageUp,2436,
InputIconDefineKeyboard,page down,__PromptFontGlyphKeyboardPageDown,2439,
InputIconDefineKeyboard,end,__PromptFontGlyphKeyboardEnd,2438,
INPUT_GAMEPAD_TYPE_SWITCH,B,__PromptFontGlyphGamepadB,21D2,
INPUT_GAMEPAD_TYPE_SWITCH,A,__PromptFontGlyphGamepadA,21D3,
INPUT_GAMEPAD_TYPE_SWITCH,Y,__PromptFontGlyphGamepadY,21D1,
INPUT_GAMEPAD_TYPE_SWITCH,X,__PromptFontGlyphGamepadX,21D0,
INPUT_GAMEPAD_TYPE_SWITCH,L,__PromptFontGlyphGamepadL,219C,
INPUT_GAMEPAD_TYPE_SWITCH,R,__PromptFontGlyphGamepadR,219D,
INPUT_GAMEPAD_TYPE_SWITCH,ZL,__PromptFontGlyphGamepadZL,219A,
INPUT_GAMEPAD_TYPE_SWITCH,ZR,__PromptFontGlyphGamepadZR,219B,
INPUT_GAMEPAD_TYPE_SWITCH,minus,__PromptFontGlyphGamepadMinus,21FD,
INPUT_GAMEPAD_TYPE_SWITCH,plus,__PromptFontGlyphGamepadPlus,21FE,
INPUT_GAMEPAD_TYPE_SWITCH,dpad left,__PromptFontGlyphGamepadDpadLeftSwitch,21FF,
INPUT_GAMEPAD_TYPE_SWITCH,dpad right,__PromptFontGlyphGamepadDpadRightSwitch,2201,
INPUT_GAMEPAD_TYPE_SWITCH,dpad up,__PromptFontGlyphGamepadDpadUpSwitch,2200,
INPUT_GAMEPAD_TYPE_SWITCH,dpad down,__PromptFontGlyphGamepadDpadDownSwitch,2202,
INPUT_GAMEPAD_TYPE_SWITCH,thumbstick l left,__PromptFontGlyphGamepadThumbstickLLeft,21BC,
INPUT_GAMEPAD_TYPE_SWITCH,thumbstick l right,__PromptFontGlyphGamepadThumbstickLRight,21C0,
INPUT_GAMEPAD_TYPE_SWITCH,thumbstick l up,__PromptFontGlyphGamepadThumbstickLUp,21BE,
INPUT_GAMEPAD_TYPE_SWITCH,thumbstick l down,__PromptFontGlyphGamepadThumbstickLDown,21C2,
INPUT_GAMEPAD_TYPE_SWITCH,thumbstick l click,__PromptFontGlyphGamepadThumbstickLClick,21CB,21BA
INPUT_GAMEPAD_TYPE_SWITCH,thumbstick r left,__PromptFontGlyphGamepadThumbstickRLeft,21BD,
INPUT_GAMEPAD_TYPE_SWITCH,thumbstick r right,__PromptFontGlyphGamepadThumbstickRRight,21C1,
INPUT_GAMEPAD_TYPE_SWITCH,thumbstick r up,__PromptFontGlyphGamepadThumbstickRUp,21BF,
INPUT_GAMEPAD_TYPE_SWITCH,thumbstick r down,__PromptFontGlyphGamepadThumbstickRDown,21C3,
INPUT_GAMEPAD_TYPE_SWITCH,thumbstick r click,__PromptFontGlyphGamepadThumbstickRClick,21CC,21BB
INPUT_GAMEPAD_TYPE_SWITCH,home,__PromptFontGlyphGamepadHome,221C,
INPUT_GAMEPAD_TYPE_SWITCH,capture,__PromptFontGlyphGamepadCapture,21E2,
INPUT_GAMEPAD_TYPE_SWITCH,C,__PromptFontGlyphGamepadC,21EB,
INPUT_GAMEPAD_TYPE_JOYCON_LEFT,face south,__PromptFontGlyphGamepadFaceSouth,21A7,
INPUT_GAMEPAD_TYPE_JOYCON_LEFT,face east,__PromptFontGlyphGamepadFaceEast,21A6,
INPUT_GAMEPAD_TYPE_JOYCON_LEFT,face west,__PromptFontGlyphGamepadFaceWest,21A4,
INPUT_GAMEPAD_TYPE_JOYCON_LEFT,face north,__PromptFontGlyphGamepadFaceNorth,21A5,
INPUT_GAMEPAD_TYPE_JOYCON_LEFT,SL,__PromptFontGlyphGamepadSL,2203,
INPUT_GAMEPAD_TYPE_JOYCON_LEFT,SR,__PromptFontGlyphGamepadSR,2204,
INPUT_GAMEPAD_TYPE_JOYCON_LEFT,minus,__PromptFontGlyphGamepadMinus,21FD,
INPUT_GAMEPAD_TYPE_JOYCON_LEFT,thumbstick left,__PromptFontGlyphGamepadThumbstickLeft,21C7,
INPUT_GAMEPAD_TYPE_JOYCON_LEFT,thumbstick right,__PromptFontGlyphGamepadThumbstickRight,21C9,
INPUT_GAMEPAD_TYPE_JOYCON_LEFT,thumbstick up,__PromptFontGlyphGamepadThumbstickUp,21C8,
INPUT_GAMEPAD_TYPE_JOYCON_LEFT,thumbstick down,__PromptFontGlyphGamepadThumbstickDown,21CA,
INPUT_GAMEPAD_TYPE_JOYCON_LEFT,thumbstick click,__PromptFontGlyphGamepadThumbstickClick,21CD,21B8
INPUT_GAMEPAD_TYPE_JOYCON_LEFT,capture,__PromptFontGlyphGamepadCapture,21E2,
INPUT_GAMEPAD_TYPE_JOYCON_RIGHT,face south,__PromptFontGlyphGamepadFaceSouth,21A7,
INPUT_GAMEPAD_TYPE_JOYCON_RIGHT,face east,__PromptFontGlyphGamepadFaceEast,21A6,
INPUT_GAMEPAD_TYPE_JOYCON_RIGHT,face west,__PromptFontGlyphGamepadFaceWest,21A4,
INPUT_GAMEPAD_TYPE_JOYCON_RIGHT,face north,__PromptFontGlyphGamepadFaceNorth,21A5,
INPUT_GAMEPAD_TYPE_JOYCON_RIGHT,SL,__PromptFontGlyphGamepadSL,2203,
INPUT_GAMEPAD_TYPE_JOYCON_RIGHT,SR,__PromptFontGlyphGamepadSR,2204,
INPUT_GAMEPAD_TYPE_JOYCON_RIGHT,plus,__PromptFontGlyphGamepadPlus,21FE,
INPUT_GAMEPAD_TYPE_JOYCON_RIGHT,thumbstick left,__PromptFontGlyphGamepadThumbstickLeft,21C7,
INPUT_GAMEPAD_TYPE_JOYCON_RIGHT,thumbstick right,__PromptFontGlyphGamepadThumbstickRight,21C9,
INPUT_GAMEPAD_TYPE_JOYCON_RIGHT,thumbstick up,__PromptFontGlyphGamepadThumbstickUp,21C8,
INPUT_GAMEPAD_TYPE_JOYCON_RIGHT,thumbstick down,__PromptFontGlyphGamepadThumbstickDown,21CA,
INPUT_GAMEPAD_TYPE_JOYCON_RIGHT,thumbstick click,__PromptFontGlyphGamepadThumbstickClick,21CD,21B8
INPUT_GAMEPAD_TYPE_JOYCON_RIGHT,home,__PromptFontGlyphGamepadHome,221C,
INPUT_GAMEPAD_TYPE_JOYCON_RIGHT,C,__PromptFontGlyphGamepadC,21EB,
INPUT_GAMEPAD_TYPE_PS4,cross,__PromptFontGlyphGamepadCross,21E3,
INPUT_GAMEPAD_TYPE_PS4,circle,__PromptFontGlyphGamepadCircle,21E2,
INPUT_GAMEPAD_TYPE_PS4,square,__PromptFontGlyphGamepadSquare,21E0,
INPUT_GAMEPAD_TYPE_PS4,triangle,__PromptFontGlyphGamepadTriangle,21E1,
INPUT_GAMEPAD_TYPE_PS4,L1,__PromptFontGlyphGamepadL1,21B0,
INPUT_GAMEPAD_TYPE_PS4,R1,__PromptFontGlyphGamepadR1,21B1,
INPUT_GAMEPAD_TYPE_PS4,L2,__PromptFontGlyphGamepadL2,21B2,
INPUT_GAMEPAD_TYPE_PS4,R2,__PromptFontGlyphGamepadR2,21B3,
INPUT_GAMEPAD_TYPE_PS4,share,__PromptFontGlyphGamepadSharePS4,21E6,
INPUT_GAMEPAD_TYPE_PS4,options,__PromptFontGlyphGamepadOptionsPS4,21E8,
INPUT_GAMEPAD_TYPE_PS4,dpad left,__PromptFontGlyphGamepadDpadLeftPS,219E,
INPUT_GAMEPAD_TYPE_PS4,dpad right,__PromptFontGlyphGamepadDpadRightPS,21A0,
INPUT_GAMEPAD_TYPE_PS4,dpad up,__PromptFontGlyphGamepadDpadUpPS,219F,
INPUT_GAMEPAD_TYPE_PS4,dpad down,__PromptFontGlyphGamepadDpadDownPS,21A1,
INPUT_GAMEPAD_TYPE_PS4,thumbstick l left,__PromptFontGlyphGamepadThumbstickLLeft,21BC,
INPUT_GAMEPAD_TYPE_PS4,thumbstick l right,__PromptFontGlyphGamepadThumbstickLRight,21C0,
INPUT_GAMEPAD_TYPE_PS4,thumbstick l up,__PromptFontGlyphGamepadThumbstickLUp,21BE,
INPUT_GAMEPAD_TYPE_PS4,thumbstick l down,__PromptFontGlyphGamepadThumbstickLDown,21C2,
INPUT_GAMEPAD_TYPE_PS4,L3,__PromptFontGlyphGamepadL3,21EF,21BA
INPUT_GAMEPAD_TYPE_PS4,thumbstick r left,__PromptFontGlyphGamepadThumbstickRLeft,21BD,
INPUT_GAMEPAD_TYPE_PS4,thumbstick r right,__PromptFontGlyphGamepadThumbstickRRight,21C1,
INPUT_GAMEPAD_TYPE_PS4,thumbstick r up,__PromptFontGlyphGamepadThumbstickRUp,21BF,
INPUT_GAMEPAD_TYPE_PS4,thumbstick r down,__PromptFontGlyphGamepadThumbstickRDown,21C3,
INPUT_GAMEPAD_TYPE_PS4,R3,__PromptFontGlyphGamepadR3,21F0,21BB
INPUT_GAMEPAD_TYPE_PS4,touchpad,__PromptFontGlyphGamepadTouchpadPS4,21E7,
INPUT_GAMEPAD_TYPE_PS5,mic,__PromptFontGlyphGamepadMic,1F3A4,
INPUT_GAMEPAD_TYPE_PS5,touchpad,__PromptFontGlyphGamepadTouchpad,2207,
INPUT_GAMEPAD_TYPE_PS5,create,__PromptFontGlyphGamepadCreate,2206,
INPUT_GAMEPAD_TYPE_PS5,options,__PromptFontGlyphGamepadOptionsPS5,2208,
INPUT_GAMEPAD_TYPE_PS5,cross,__PromptFontGlyphGamepadCross,21E3,
INPUT_GAMEPAD_TYPE_PS5,circle,__PromptFontGlyphGamepadCircle,21E2,
INPUT_GAMEPAD_TYPE_PS5,square,__PromptFontGlyphGamepadSquare,21E0,
INPUT_GAMEPAD_TYPE_PS5,triangle,__PromptFontGlyphGamepadTriangle,21E1,
INPUT_GAMEPAD_TYPE_PS5,L1,__PromptFontGlyphGamepadL1,21B0,
INPUT_GAMEPAD_TYPE_PS5,R1,__PromptFontGlyphGamepadR1,21B1,
INPUT_GAMEPAD_TYPE_PS5,L2,__PromptFontGlyphGamepadL2,21B2,
INPUT_GAMEPAD_TYPE_PS5,R2,__PromptFontGlyphGamepadR2,21B3,
INPUT_GAMEPAD_TYPE_PS5,dpad left,__PromptFontGlyphGamepadDpadLeftPS,219E,
INPUT_GAMEPAD_TYPE_PS5,dpad right,__PromptFontGlyphGamepadDpadRightPS,21A0,
INPUT_GAMEPAD_TYPE_PS5,dpad up,__PromptFontGlyphGamepadDpadUpPS,219F,
INPUT_GAMEPAD_TYPE_PS5,dpad down,__PromptFontGlyphGamepadDpadDownPS,21A1,
INPUT_GAMEPAD_TYPE_PS5,thumbstick l left,__PromptFontGlyphGamepadThumbstickLLeft,21BC,
INPUT_GAMEPAD_TYPE_PS5,thumbstick l right,__PromptFontGlyphGamepadThumbstickLRight,21C0,
INPUT_GAMEPAD_TYPE_PS5,thumbstick l up,__PromptFontGlyphGamepadThumbstickLUp,21BE,
INPUT_GAMEPAD_TYPE_PS5,thumbstick l down,__PromptFontGlyphGamepadThumbstickLDown,21C2,
INPUT_GAMEPAD_TYPE_PS5,L3,__PromptFontGlyphGamepadL3,21EF,21BA
INPUT_GAMEPAD_TYPE_PS5,thumbstick r left,__PromptFontGlyphGamepadThumbstickRLeft,21BD,
INPUT_GAMEPAD_TYPE_PS5,thumbstick r right,__PromptFontGlyphGamepadThumbstickRRight,21C1,
INPUT_GAMEPAD_TYPE_PS5,thumbstick r up,__PromptFontGlyphGamepadThumbstickRUp,21BF,
INPUT_GAMEPAD_TYPE_PS5,thumbstick r down,__PromptFontGlyphGamepadThumbstickRDown,21C3,
INPUT_GAMEPAD_TYPE_PS5,R3,__PromptFontGlyphGamepadR3,21F0,21BB